{"title":"","id":1,"dateAdded":1305658251026893,"lastModified":1305658251028921,"type":"text/x-moz-place-container","root":"placesRoot","children":[{"title":"Bookmarks Menu","id":2,"parent":1,"dateAdded":1305658251027357,"lastModified":1305658251182767,"type":"text/x-moz-place-container","root":"bookmarksMenuFolder","children":[{"title":"Recently Bookmarked","id":14,"parent":2,"annos":[{"name":"Places/SmartBookmark","flags":0,"expires":4,"mimeType":null,"type":3,"value":"RecentlyBookmarked"}],"type":"text/x-moz-place","uri":"place:folder=BOOKMARKS_MENU&folder=UNFILED_BOOKMARKS&folder=TOOLBAR&sort=12&excludeQueries=1&excludeItemIfParentHasAnnotation=livemark%2FfeedURI&maxResults=10&queryType=1"},{"index":1,"title":"Recent Tags","id":15,"parent":2,"annos":[{"name":"Places/SmartBookmark","flags":0,"expires":4,"mimeType":null,"type":3,"value":"RecentTags"}],"type":"text/x-moz-place","uri":"place:sort=14&type=6&maxResults=10&queryType=1"},{"index":2,"title":"","id":16,"parent":2,"dateAdded":1305658251182767,"lastModified":1305658251182767,"type":"text/x-moz-place-separator"},{"index":3,"title":"Mozilla Firefox","id":8,"parent":2,"dateAdded":1305658251161627,"lastModified":1305658251165013,"type":"text/x-moz-place-container","children":[{"title":"Help and Tutorials","id":9,"parent":8,"dateAdded":1305658251161830,"lastModified":1305658251162923,"type":"text/x-moz-place","uri":"http://www.mozilla.com/en-US/firefox/help/"},{"index":1,"title":"Customize Firefox","id":10,"parent":8,"dateAdded":1305658251163110,"lastModified":1305658251163974,"type":"text/x-moz-place","uri":"http://www.mozilla.com/en-US/firefox/customize/"},{"index":2,"title":"Get Involved","id":11,"parent":8,"dateAdded":1305658251164147,"lastModified":1305658251164853,"type":"text/x-moz-place","uri":"http://www.mozilla.com/en-US/firefox/community/"},{"index":3,"title":"About Us","id":12,"parent":8,"dateAdded":1305658251165013,"lastModified":1305658251165873,"type":"text/x-moz-place","uri":"http://www.mozilla.com/en-US/about/"}]}]},{"index":1,"title":"Bookmarks Toolbar","id":3,"parent":1,"dateAdded":1305658251028223,"lastModified":1305658251180541,"annos":[{"name":"bookmarkProperties/description","flags":0,"expires":4,"mimeType":null,"type":3,"value":"Add bookmarks to this folder to see them displayed on the Bookmarks Toolbar"}],"type":"text/x-moz-place-container","root":"toolbarFolder","children":[{"title":"Most Visited","id":13,"parent":3,"annos":[{"name":"Places/SmartBookmark","flags":0,"expires":4,"mimeType":null,"type":3,"value":"MostVisited"}],"type":"text/x-moz-place","uri":"place:sort=8&redirectsMode=2&maxResults=10"},{"index":1,"title":"Getting Started","id":6,"parent":3,"dateAdded":1305658251160168,"lastModified":1305658251160894,"type":"text/x-moz-place","uri":"http://www.mozilla.com/en-US/firefox/central/"},{"index":2,"title":"Latest Headlines","id":7,"parent":3,"dateAdded":1305658251161007,"lastModified":1305658354809048,"livemark":1,"annos":[{"name":"placesInternal/READ_ONLY","flags":0,"expires":4,"mimeType":null,"type":1,"value":1},{"name":"livemark/feedURI","flags":0,"expires":4,"mimeType":null,"type":3,"value":"http://fxfeeds.mozilla.com/en-US/firefox/headlines.xml"},{"name":"livemark/siteURI","flags":0,"expires":4,"mimeType":null,"type":3,"value":"http://www.bbc.co.uk/go/rss/int/news/-/news/"},{"name":"livemark/expiration","flags":0,"expires":4,"mimeType":null,"type":2,"value":1305661954801}],"type":"text/x-moz-place-container","children":[]}]},{"index":2,"title":"Tags","id":4,"parent":1,"dateAdded":1305658251028559,"lastModified":1305658251028875,"type":"text/x-moz-place-container","root":"tagsFolder","children":[]},{"index":3,"title":"Unsorted Bookmarks","id":5,"parent":1,"dateAdded":1305658251028921,"lastModified":1305658251159228,"type":"text/x-moz-place-container","root":"unfiledBookmarksFolder","children":[]}]}